username,password
ODEyYTI2ZTMtMjBlOS00YTAzLWJlOTgtMDljMDFkZDExZTQ2OjgxMmEyNmUzLTIwZTktNGEwMy1iZTk4LTA5YzAxZGQxMWU0NjoxNjY2MDEwMjM3OmI4MDlhMGE3NTE0YzU0YmNhMzg1,1
NDc5MWM4MDgtZGU4Yy00YTY4LTk0ZGMtNDhkYjYyNjJhZjY5OjQ3OTFjODA4LWRlOGMtNGE2OC05NGRjLTQ4ZGI2MjYyYWY2OToxNjY2MDE3NTk1OmJkOTc4Y2Y2YjExNzk0YzdkZjZk,2
MTZmYWQ2YjYtZjQxOC00NjlhLWJhMzgtYjA5Y2M3M2I4YzQzOjE2ZmFkNmI2LWY0MTgtNDY5YS1iYTM4LWIwOWNjNzNiOGM0MzoxNjY2MDE3NjQzOmYyN2UzZmMxNTRlNWQ3MDQ4ZWMy,3
M2U3OGJhYzYtYjI4OS00MzJiLTk2OTItMjM3Y2VkN2I3Yjg0OjNlNzhiYWM2LWIyODktNDMyYi05NjkyLTIzN2NlZDdiN2I4NDoxNjY2MDE4MzkwOjczYzJmZTkwNDYwNWViZTg2YzBh,4
ZWI4YThjYjAtMDY5MS00NmZiLTlmYzUtYTk0MzFkMjQ2NGEyOmViOGE4Y2IwLTA2OTEtNDZmYi05ZmM1LWE5NDMxZDI0NjRhMjoxNjY2MDE4NDcxOjJlYzhhMTk4M2VmMjZmYmVhNmYw,5
NmY2YmJmNWQtNTAzYS00OWFhLTllMjUtNDQ0ZTdkMDVkYTFmOjZmNmJiZjVkLTUwM2EtNDlhYS05ZTI1LTQ0NGU3ZDA1ZGExZjoxNjY2MDE4NTM0Ojg5ZTFlMTIwNTU0MWVlYjQzMzFl,6
N2M5ZDg0NDktNDY0OC00Nzk1LTk2Y2UtZjEwOGNlOWQ3Zjg0OjdjOWQ4NDQ5LTQ2NDgtNDc5NS05NmNlLWYxMDhjZTlkN2Y4NDoxNjY2MDE4NTc1OjIxNDMwYTY1Y2I0MGU0NmM1YjFh,7
YTgyMTkxNWItZTU0ZC00ZjEwLWFhNDAtMDIzZDA1NWNlZGU0OmE4MjE5MTViLWU1NGQtNGYxMC1hYTQwLTAyM2QwNTVjZWRlNDoxNjY2MDE4Njk0OjE3ODc2ODcwYTdmYTM0YzA3OGIx,8
YTgzZmI4MzEtMjRhZS00M2Y5LThiODItN2ExY2FlOWI1ZmY4OmE4M2ZiODMxLTI0YWUtNDNmOS04YjgyLTdhMWNhZTliNWZmODoxNjY2MDE4OTAxOjEzNjA3ZGM5YTdiMjBhYTQ1MTdi,9
ZDFjMDQ4MWItYTI3Ny00NWQxLWJiNDQtMjZmOWM3NzNiYTljOmQxYzA0ODFiLWEyNzctNDVkMS1iYjQ0LTI2ZjljNzczYmE5YzoxNjY2MDE4OTQ1OjljZjE5OTRiOGQyNGI2YTI1M2Q2,10